signal_id,ehtimollik
SG_000001,0.3745401188473625
SG_000002,0.9507143064099162
SG_000003,0.7319939418114051
SG_000004,0.5986584841970366
SG_000005,0.15601864044243652
SG_000006,0.15599452033620265
SG_000007,0.05808361216819946
SG_000008,0.8661761457749352
SG_000009,0.6011150117432088
SG_000010,0.7080725777960455
SG_000011,0.020584494295802447
SG_000012,0.9699098521619943
SG_000013,0.8324426408004217
SG_000014,0.21233911067827616
SG_000015,0.18182496720710062
SG_000016,0.18340450985343382
SG_000017,0.3042422429595377
SG_000018,0.5247564316322378
SG_000019,0.43194501864211576
SG_000020,0.2912291401980419
SG_000021,0.6118528947223795
SG_000022,0.13949386065204183
SG_000023,0.29214464853521815
SG_000024,0.3663618432936917
SG_000025,0.45606998421703593
SG_000026,0.7851759613930136
SG_000027,0.19967378215835974
SG_000028,0.5142344384136116
SG_000029,0.5924145688620425
SG_000030,0.046450412719997725
SG_000031,0.6075448519014384
SG_000032,0.17052412368729153
SG_000033,0.06505159298527952
SG_000034,0.9488855372533332
SG_000035,0.9656320330745594
SG_000036,0.8083973481164611
SG_000037,0.3046137691733707
SG_000038,0.09767211400638387
SG_000039,0.6842330265121569
SG_000040,0.4401524937396013
SG_000041,0.12203823484477883
SG_000042,0.4951769101112702
SG_000043,0.034388521115218396
SG_000044,0.9093204020787821
SG_000045,0.2587799816000169
SG_000046,0.662522284353982
SG_000047,0.31171107608941095
SG_000048,0.5200680211778108
SG_000049,0.5467102793432796
SG_000050,0.18485445552552704
SG_000051,0.9695846277645586
SG_000052,0.7751328233611146
SG_000053,0.9394989415641891
SG_000054,0.8948273504276488
SG_000055,0.5978999788110851
SG_000056,0.9218742350231168
SG_000057,0.0884925020519195
SG_000058,0.1959828624191452
SG_000059,0.045227288910538066
SG_000060,0.32533033076326434
SG_000061,0.388677289689482
SG_000062,0.2713490317738959
SG_000063,0.8287375091519293
SG_000064,0.3567533266935893
SG_000065,0.28093450968738076
SG_000066,0.5426960831582485
SG_000067,0.14092422497476265
SG_000068,0.8021969807540397
SG_000069,0.07455064367977082
SG_000070,0.9868869366005173
SG_000071,0.7722447692966574
SG_000072,0.1987156815341724
SG_000073,0.005522117123602399
SG_000074,0.8154614284548342
SG_000075,0.7068573438476171
SG_000076,0.7290071680409873
SG_000077,0.7712703466859457
SG_000078,0.07404465173409036
SG_000079,0.3584657285442726
SG_000080,0.11586905952512971
SG_000081,0.8631034258755935
SG_000082,0.6232981268275579
SG_000083,0.3308980248526492
SG_000084,0.06355835028602363
SG_000085,0.3109823217156622
SG_000086,0.32518332202674705
SG_000087,0.7296061783380641
SG_000088,0.6375574713552131
SG_000089,0.8872127425763265
SG_000090,0.4722149251619493
SG_000091,0.1195942459383017
SG_000092,0.713244787222995
SG_000093,0.7607850486168974
SG_000094,0.5612771975694962
SG_000095,0.770967179954561
SG_000096,0.49379559636439074
SG_000097,0.5227328293819941
SG_000098,0.42754101835854963
SG_000099,0.02541912674409519
SG_000100,0.10789142699330445
